<?xml version="1.0" encoding="UTF-8"?>
<project-private xmlns="http://www.netbeans.org/ns/project-private/1">
    <editor-bookmarks xmlns="http://www.netbeans.org/ns/editor-bookmarks/2" lastBookmarkId="0"/>
    <open-files xmlns="http://www.netbeans.org/ns/projectui-open-files/2">
        <group>
            <file>file:/F:/FPT/CN4/PRJ/project/WS02LinhNHNSP23/web/invalid.html</file>
            <file>file:/F:/FPT/CN4/PRJ/project/WS02LinhNHNSP23/web/bookStore.jsp</file>
            <file>file:/F:/FPT/CN4/PRJ/project/WS02LinhNHNSP23/web/register.jsp</file>
            <file>file:/F:/FPT/CN4/PRJ/project/WS02LinhNHNSP23/web/viewCart.jsp</file>
            <file>file:/F:/FPT/CN4/PRJ/project/WS02LinhNHNSP23/web/deleteError.html</file>
            <file>file:/F:/FPT/CN4/PRJ/project/WS02LinhNHNSP23/web/admin.jsp</file>
        </group>
    </open-files>
</project-private>
